{
    "loss": 0.579658567905426,
    "accuracy": 0.767123281955719,
    "precision_score": 0.7722275795564127,
    "recall_score": 0.7650704225352112,
    "f1_score": 0.7649621212121213
}