{
    "loss": 4.1535515785217285,
    "accuracy": 0.9354838728904724
}